[
{
    "model": "pets.breed",
    "pk": "018fa5e2-e311-463c-9569-784709e12190",
    "fields": {
        "name": "labrador",
        "parent": null,
        "img_url": "https://images.dog.ceo/breeds/labrador/n02099712_4845.jpg"
    }
},
{
    "model": "pets.breed",
    "pk": "0468cc8b-b733-4671-9408-2652f5faa31b",
    "fields": {
        "name": "walker",
        "parent": "a5a1b9bd-4a1f-4211-8af7-45e11f95f7a4",
        "img_url": "https://images.dog.ceo/breeds/hound-walker/n02089867_1082.jpg"
    }
},
{
    "model": "pets.breed",
    "pk": "08315845-70ef-4dee-a4a1-c1c35d35c1b5",
    "fields": {
        "name": "entlebucher",
        "parent": null,
        "img_url": "https://images.dog.ceo/breeds/entlebucher/n02108000_918.jpg"
    }
},
{
    "model": "pets.breed",
    "pk": "085bb027-9869-43ef-9051-ac4345c5678c",
    "fields": {
        "name": "terrier",
        "parent": null,
        "img_url": "https://images.dog.ceo/breeds/terrier-cairn/n02096177_4505.jpg"
    }
},
{
    "model": "pets.breed",
    "pk": "08816081-c544-44f5-adfa-0f88e00d2380",
    "fields": {
        "name": "welsh",
        "parent": "aebac8f2-56f5-4cc7-b501-3222268d122c",
        "img_url": "https://images.dog.ceo/breeds/spaniel-welsh/n02102177_626.jpg"
    }
},
{
    "model": "pets.breed",
    "pk": "124428d0-7f32-49b7-b1fb-ddf5782a1417",
    "fields": {
        "name": "kerryblue",
        "parent": "085bb027-9869-43ef-9051-ac4345c5678c",
        "img_url": "https://images.dog.ceo/breeds/terrier-kerryblue/n02093859_992.jpg"
    }
},
{
    "model": "pets.breed",
    "pk": "12461738-e2ad-480e-9e39-b38be344fcc0",
    "fields": {
        "name": "mastiff",
        "parent": null,
        "img_url": "https://images.dog.ceo/breeds/mastiff-bull/n02108422_4548.jpg"
    }
},
{
    "model": "pets.breed",
    "pk": "13b9aec8-f23b-46d8-8e20-7e196fb5b082",
    "fields": {
        "name": "cardigan",
        "parent": "fb3e5850-9e0a-47b7-b151-cf84391129ea",
        "img_url": "https://images.dog.ceo/breeds/corgi-cardigan/n02113186_1529.jpg"
    }
},
{
    "model": "pets.breed",
    "pk": "164f547b-07c5-46e2-95a5-bbda6c2b3ebc",
    "fields": {
        "name": "cotondetulear",
        "parent": null,
        "img_url": "https://images.dog.ceo/breeds/cotondetulear/100_2013.jpg"
    }
},
{
    "model": "pets.breed",
    "pk": "1684fa33-6899-4312-a621-3b0de5527e0a",
    "fields": {
        "name": "norwegian",
        "parent": "7eebfe4d-6e8a-4256-b3fb-93b0cf44160c",
        "img_url": "https://images.dog.ceo/breeds/buhund-norwegian/hakon2.jpg"
    }
},
{
    "model": "pets.breed",
    "pk": "1773dc4a-33cc-4c6e-ab24-4871ff2b56ed",
    "fields": {
        "name": "lhasa",
        "parent": null,
        "img_url": "https://images.dog.ceo/breeds/lhasa/n02098413_13638.jpg"
    }
},
{
    "model": "pets.breed",
    "pk": "1908325b-0d0f-4432-991f-c426e8d4f472",
    "fields": {
        "name": "english",
        "parent": "a5a1b9bd-4a1f-4211-8af7-45e11f95f7a4",
        "img_url": "https://images.dog.ceo/breeds/hound-english/n02089973_2211.jpg"
    }
},
{
    "model": "pets.breed",
    "pk": "1a6c014e-b091-4aa9-97ff-be83c246e4d9",
    "fields": {
        "name": "caucasian",
        "parent": "82042ed9-3520-44ca-80e4-a676ba4dab15",
        "img_url": "https://images.dog.ceo/breeds/ovcharka-caucasian/IMG_20200206_195949.jpg"
    }
},
{
    "model": "pets.breed",
    "pk": "1a98d6a1-c3c1-46fd-8b84-131cebfc2942",
    "fields": {
        "name": "pembroke",
        "parent": null,
        "img_url": "https://images.dog.ceo/breeds/pembroke/n02113023_1482.jpg"
    }
},
{
    "model": "pets.breed",
    "pk": "1b51234d-9ffd-45f2-8cfa-b427882b8242",
    "fields": {
        "name": "flatcoated",
        "parent": "4dbe18f6-ec14-49b7-a527-75524f7f7fc5",
        "img_url": "https://images.dog.ceo/breeds/retriever-flatcoated/n02099267_4331.jpg"
    }
},
{
    "model": "pets.breed",
    "pk": "1d641414-8bb1-40d4-8819-784a0826e64e",
    "fields": {
        "name": "english",
        "parent": "eba8b72f-22c7-43d4-b19e-f7e27ef304fa",
        "img_url": "https://images.dog.ceo/breeds/bulldog-english/murphy.jpg"
    }
},
{
    "model": "pets.breed",
    "pk": "1d9d1bbb-d1a7-4455-aef7-5ad267ca7dcb",
    "fields": {
        "name": "mountain",
        "parent": null,
        "img_url": "https://images.dog.ceo/breeds/mountain-swiss/n02107574_3113.jpg"
    }
},
{
    "model": "pets.breed",
    "pk": "20dcd9d6-33ce-4c0a-9df3-f2ce59994157",
    "fields": {
        "name": "english",
        "parent": "12461738-e2ad-480e-9e39-b38be344fcc0",
        "img_url": "https://images.dog.ceo/breeds/mastiff-english/2.jpg"
    }
},
{
    "model": "pets.breed",
    "pk": "220607a9-a4b3-40b2-af6e-3372caa7534b",
    "fields": {
        "name": "mix",
        "parent": null,
        "img_url": "https://images.dog.ceo/breeds/mix/Brina_2014_Italy.jpg"
    }
},
{
    "model": "pets.breed",
    "pk": "23424534-3e54-4262-819e-bbc70b07d4bd",
    "fields": {
        "name": "scottish",
        "parent": "085bb027-9869-43ef-9051-ac4345c5678c",
        "img_url": "https://images.dog.ceo/breeds/terrier-scottish/n02097298_6462.jpg"
    }
},
{
    "model": "pets.breed",
    "pk": "279f948b-3261-4cc1-b75e-772036210863",
    "fields": {
        "name": "coonhound",
        "parent": null,
        "img_url": "https://images.dog.ceo/breeds/coonhound/n02089078_3078.jpg"
    }
},
{
    "model": "pets.breed",
    "pk": "2888dfce-abfe-41b7-a45a-c4a24a745f14",
    "fields": {
        "name": "shihtzu",
        "parent": null,
        "img_url": "https://images.dog.ceo/breeds/shihtzu/n02086240_5096.jpg"
    }
},
{
    "model": "pets.breed",
    "pk": "2d115324-ada0-4859-9800-c945e1049858",
    "fields": {
        "name": "rhodesian",
        "parent": "d5ad7003-5847-4c93-9ba5-6b90f1143881",
        "img_url": "https://images.dog.ceo/breeds/ridgeback-rhodesian/n02087394_7263.jpg"
    }
},
{
    "model": "pets.breed",
    "pk": "2d2de79c-bd73-492b-ac6a-5400e5d676a2",
    "fields": {
        "name": "frise",
        "parent": null,
        "img_url": "https://images.dog.ceo/breeds/frise-bichon/1.jpg"
    }
},
{
    "model": "pets.breed",
    "pk": "2e53b0e5-0f52-4c40-99c4-b34e43f189b8",
    "fields": {
        "name": "tibetan",
        "parent": "085bb027-9869-43ef-9051-ac4345c5678c",
        "img_url": "https://images.dog.ceo/breeds/terrier-tibetan/n02097474_6290.jpg"
    }
},
{
    "model": "pets.breed",
    "pk": "2ec73007-9d2e-4e6d-b2f2-393c5b638ed4",
    "fields": {
        "name": "pinscher",
        "parent": null,
        "img_url": "https://images.dog.ceo/breeds/pinscher-miniature/n02107312_5604.jpg"
    }
},
{
    "model": "pets.breed",
    "pk": "311bc66d-abee-4569-be04-c88cbf643d04",
    "fields": {
        "name": "brabancon",
        "parent": null,
        "img_url": "https://images.dog.ceo/breeds/brabancon/n02112706_1430.jpg"
    }
},
{
    "model": "pets.breed",
    "pk": "320fa47c-633a-49e2-8e95-df9e286445bd",
    "fields": {
        "name": "stbernard",
        "parent": null,
        "img_url": "https://images.dog.ceo/breeds/stbernard/n02109525_8096.jpg"
    }
},
{
    "model": "pets.breed",
    "pk": "33905dc5-e30a-49e6-bfde-e7e85189bcae",
    "fields": {
        "name": "vizsla",
        "parent": null,
        "img_url": "https://images.dog.ceo/breeds/vizsla/n02100583_3274.jpg"
    }
},
{
    "model": "pets.breed",
    "pk": "34473615-8b25-449d-8500-a31c4198adda",
    "fields": {
        "name": "groenendael",
        "parent": null,
        "img_url": "https://images.dog.ceo/breeds/groenendael/n02105056_3754.jpg"
    }
},
{
    "model": "pets.breed",
    "pk": "34b820e0-f5b3-4689-b866-079a3835ce58",
    "fields": {
        "name": "germanshepherd",
        "parent": null,
        "img_url": "https://images.dog.ceo/breeds/germanshepherd/n02106662_11620.jpg"
    }
},
{
    "model": "pets.breed",
    "pk": "3a9dc955-62fe-46f7-aba4-ec523de1601a",
    "fields": {
        "name": "african",
        "parent": null,
        "img_url": "https://images.dog.ceo/breeds/african/n02116738_8738.jpg"
    }
},
{
    "model": "pets.breed",
    "pk": "3b6fc669-b22b-4e1f-8d78-994931988a5a",
    "fields": {
        "name": "wolfhound",
        "parent": null,
        "img_url": "https://images.dog.ceo/breeds/wolfhound-irish/n02090721_2143.jpg"
    }
},
{
    "model": "pets.breed",
    "pk": "3ec27aa5-a036-4ed6-b3e2-bf518d5fe732",
    "fields": {
        "name": "irish",
        "parent": "5e8a59c8-d0cf-4190-9c1f-3263a0dc5d96",
        "img_url": "https://images.dog.ceo/breeds/setter-irish/n02100877_2732.jpg"
    }
},
{
    "model": "pets.breed",
    "pk": "4022d602-cbfe-4358-aa41-2beebd616496",
    "fields": {
        "name": "puggle",
        "parent": null,
        "img_url": "https://images.dog.ceo/breeds/puggle/IMG_203642.jpg"
    }
},
{
    "model": "pets.breed",
    "pk": "437213ad-209f-454c-9eb3-7184abf6d56d",
    "fields": {
        "name": "american",
        "parent": "085bb027-9869-43ef-9051-ac4345c5678c",
        "img_url": "https://images.dog.ceo/breeds/terrier-american/n02093428_3092.jpg"
    }
},
{
    "model": "pets.breed",
    "pk": "443ea39f-d1f9-4e69-9c25-3412d622a6b5",
    "fields": {
        "name": "golden",
        "parent": "4dbe18f6-ec14-49b7-a527-75524f7f7fc5",
        "img_url": "https://images.dog.ceo/breeds/retriever-golden/n02099601_7304.jpg"
    }
},
{
    "model": "pets.breed",
    "pk": "45e8df63-c3e6-4670-9e66-2a83ea55c4ec",
    "fields": {
        "name": "bouvier",
        "parent": null,
        "img_url": "https://images.dog.ceo/breeds/bouvier/n02106382_9651.jpg"
    }
},
{
    "model": "pets.breed",
    "pk": "46323775-a64c-4f09-b4bf-904742e45aa3",
    "fields": {
        "name": "bullterrier",
        "parent": null,
        "img_url": "https://images.dog.ceo/breeds/bullterrier-staffordshire/n02093256_3353.jpg"
    }
},
{
    "model": "pets.breed",
    "pk": "464f2bb8-a543-4f67-a0de-23ca1431656a",
    "fields": {
        "name": "english",
        "parent": "76f41505-8a7c-43d1-9d9a-134b3fde9210",
        "img_url": "https://images.dog.ceo/breeds/sheepdog-english/n02105641_7528.jpg"
    }
},
{
    "model": "pets.breed",
    "pk": "4dbe18f6-ec14-49b7-a527-75524f7f7fc5",
    "fields": {
        "name": "retriever",
        "parent": null,
        "img_url": "https://images.dog.ceo/breeds/retriever-curly/n02099429_248.jpg"
    }
},
{
    "model": "pets.breed",
    "pk": "4df680ee-9cdb-410b-b8a2-845454438ddf",
    "fields": {
        "name": "clumber",
        "parent": null,
        "img_url": "https://images.dog.ceo/breeds/clumber/n02101556_4281.jpg"
    }
},
{
    "model": "pets.breed",
    "pk": "4df7a1e3-053e-4f92-ac06-0755e65864f7",
    "fields": {
        "name": "pomeranian",
        "parent": null,
        "img_url": "https://images.dog.ceo/breeds/pomeranian/n02112018_7880.jpg"
    }
},
{
    "model": "pets.breed",
    "pk": "4e53599d-da91-445e-a51e-80d678e51797",
    "fields": {
        "name": "australian",
        "parent": null,
        "img_url": "https://images.dog.ceo/breeds/australian-shepherd/pepper.jpg"
    }
},
{
    "model": "pets.breed",
    "pk": "4eaaa9b8-82a7-4ec5-b93b-29f31927d5e6",
    "fields": {
        "name": "deerhound",
        "parent": null,
        "img_url": "https://images.dog.ceo/breeds/deerhound-scottish/n02092002_13372.jpg"
    }
},
{
    "model": "pets.breed",
    "pk": "503a8360-437b-4396-b4d5-aae9fe95dd8c",
    "fields": {
        "name": "curly",
        "parent": "4dbe18f6-ec14-49b7-a527-75524f7f7fc5",
        "img_url": "https://images.dog.ceo/breeds/retriever-curly/n02099429_2374.jpg"
    }
},
{
    "model": "pets.breed",
    "pk": "539b62fd-39be-4d33-ac90-ea5d3e60caea",
    "fields": {
        "name": "great",
        "parent": "6654bf15-e85d-432d-8763-81fe11baaefa",
        "img_url": "https://images.dog.ceo/breeds/dane-great/n02109047_13016.jpg"
    }
},
{
    "model": "pets.breed",
    "pk": "541bf332-44de-46f2-8f0e-efd69a852a51",
    "fields": {
        "name": "basset",
        "parent": "a5a1b9bd-4a1f-4211-8af7-45e11f95f7a4",
        "img_url": "https://images.dog.ceo/breeds/hound-basset/n02088238_10142.jpg"
    }
},
{
    "model": "pets.breed",
    "pk": "56b28acf-6a49-4f28-a0f8-0dc3d684add3",
    "fields": {
        "name": "chesapeake",
        "parent": "4dbe18f6-ec14-49b7-a527-75524f7f7fc5",
        "img_url": "https://images.dog.ceo/breeds/retriever-chesapeake/n02099849_1823.jpg"
    }
},
{
    "model": "pets.breed",
    "pk": "5783bae4-d528-4f18-b7e8-008475e1edb0",
    "fields": {
        "name": "boston",
        "parent": "eba8b72f-22c7-43d4-b19e-f7e27ef304fa",
        "img_url": "https://images.dog.ceo/breeds/bulldog-boston/n02096585_8148.jpg"
    }
},
{
    "model": "pets.breed",
    "pk": "5851dcdf-1f55-4703-98b5-488ed05688eb",
    "fields": {
        "name": "poodle",
        "parent": null,
        "img_url": "https://images.dog.ceo/breeds/poodle-toy/n02113624_1582.jpg"
    }
},
{
    "model": "pets.breed",
    "pk": "5ce0b717-339d-4611-8f21-b647bcdb4ed3",
    "fields": {
        "name": "bull",
        "parent": "12461738-e2ad-480e-9e39-b38be344fcc0",
        "img_url": "https://images.dog.ceo/breeds/mastiff-bull/n02108422_3708.jpg"
    }
},
{
    "model": "pets.breed",
    "pk": "5dcd1782-5262-4285-bf12-39ffa8168fb9",
    "fields": {
        "name": "japanese",
        "parent": "aebac8f2-56f5-4cc7-b501-3222268d122c",
        "img_url": "https://images.dog.ceo/breeds/spaniel-japanese/n02085782_4294.jpg"
    }
},
{
    "model": "pets.breed",
    "pk": "5e8a59c8-d0cf-4190-9c1f-3263a0dc5d96",
    "fields": {
        "name": "setter",
        "parent": null,
        "img_url": "https://images.dog.ceo/breeds/setter-irish/n02100877_5286.jpg"
    }
},
{
    "model": "pets.breed",
    "pk": "5fa26c8e-4d64-4d89-b3cb-e833f67943cf",
    "fields": {
        "name": "eskimo",
        "parent": null,
        "img_url": "https://images.dog.ceo/breeds/eskimo/n02109961_8845.jpg"
    }
},
{
    "model": "pets.breed",
    "pk": "637a8032-504a-4d3b-a062-c678006382f7",
    "fields": {
        "name": "greyhound",
        "parent": null,
        "img_url": "https://images.dog.ceo/breeds/greyhound-italian/n02091032_6345.jpg"
    }
},
{
    "model": "pets.breed",
    "pk": "6654bf15-e85d-432d-8763-81fe11baaefa",
    "fields": {
        "name": "dane",
        "parent": null,
        "img_url": "https://images.dog.ceo/breeds/dane-great/n02109047_12085.jpg"
    }
},
{
    "model": "pets.breed",
    "pk": "68fe5546-655c-44be-9a17-242189c50f5c",
    "fields": {
        "name": "border",
        "parent": "085bb027-9869-43ef-9051-ac4345c5678c",
        "img_url": "https://images.dog.ceo/breeds/terrier-border/n02093754_180.jpg"
    }
},
{
    "model": "pets.breed",
    "pk": "6a24360b-1ae4-48c4-b383-8de1ba01c435",
    "fields": {
        "name": "beagle",
        "parent": null,
        "img_url": "https://images.dog.ceo/breeds/beagle/n02088364_12710.jpg"
    }
},
{
    "model": "pets.breed",
    "pk": "6a3589d7-7864-44a3-ad4d-5ca0d440549e",
    "fields": {
        "name": "fox",
        "parent": "085bb027-9869-43ef-9051-ac4345c5678c",
        "img_url": "https://images.dog.ceo/breeds/terrier-fox/n02095314_3166.jpg"
    }
},
{
    "model": "pets.breed",
    "pk": "6b66805d-bdc6-4324-907d-5cadca616276",
    "fields": {
        "name": "doberman",
        "parent": null,
        "img_url": "https://images.dog.ceo/breeds/doberman/n02107142_17899.jpg"
    }
},
{
    "model": "pets.breed",
    "pk": "6bfbb289-3c8e-45c7-a56d-3716543bb445",
    "fields": {
        "name": "waterdog",
        "parent": null,
        "img_url": "https://images.dog.ceo/breeds/waterdog-spanish/20181023_072736.jpg"
    }
},
{
    "model": "pets.breed",
    "pk": "6c9ac380-74ff-4797-b528-d88a547ef416",
    "fields": {
        "name": "blenheim",
        "parent": "aebac8f2-56f5-4cc7-b501-3222268d122c",
        "img_url": "https://images.dog.ceo/breeds/spaniel-blenheim/n02086646_4226.jpg"
    }
},
{
    "model": "pets.breed",
    "pk": "6e8aa275-7855-4054-ab56-d3701e6a5146",
    "fields": {
        "name": "chow",
        "parent": null,
        "img_url": "https://images.dog.ceo/breeds/chow/n02112137_16162.jpg"
    }
},
{
    "model": "pets.breed",
    "pk": "6eb27558-531d-4016-b82f-e444a4085a8f",
    "fields": {
        "name": "westhighland",
        "parent": "085bb027-9869-43ef-9051-ac4345c5678c",
        "img_url": "https://images.dog.ceo/breeds/terrier-westhighland/n02098286_1009.jpg"
    }
},
{
    "model": "pets.breed",
    "pk": "725750eb-734c-4e68-9251-7022ae3bb4c0",
    "fields": {
        "name": "miniature",
        "parent": "f0660f75-a58c-41cb-91c5-d63fe7aedcc3",
        "img_url": "https://images.dog.ceo/breeds/schnauzer-miniature/n02097047_328.jpg"
    }
},
{
    "model": "pets.breed",
    "pk": "76268b77-3425-4e32-bd8a-af5b2bc07790",
    "fields": {
        "name": "rottweiler",
        "parent": null,
        "img_url": "https://images.dog.ceo/breeds/rottweiler/n02106550_9348.jpg"
    }
},
{
    "model": "pets.breed",
    "pk": "76f41505-8a7c-43d1-9d9a-134b3fde9210",
    "fields": {
        "name": "sheepdog",
        "parent": null,
        "img_url": "https://images.dog.ceo/breeds/sheepdog-english/n02105641_1673.jpg"
    }
},
{
    "model": "pets.breed",
    "pk": "784a97ff-de6c-4159-84e8-e5b59cedd18b",
    "fields": {
        "name": "border",
        "parent": "8ebd9fde-7ff4-401e-abb7-afc11e3733aa",
        "img_url": "https://images.dog.ceo/breeds/collie-border/n02106166_4957.jpg"
    }
},
{
    "model": "pets.breed",
    "pk": "7cafea88-ed3b-4bab-8d0a-96e92dac421a",
    "fields": {
        "name": "pekinese",
        "parent": null,
        "img_url": "https://images.dog.ceo/breeds/pekinese/n02086079_4412.jpg"
    }
},
{
    "model": "pets.breed",
    "pk": "7e3e8e76-ac7d-498c-81ab-98c00a2d5c1a",
    "fields": {
        "name": "keeshond",
        "parent": null,
        "img_url": "https://images.dog.ceo/breeds/keeshond/n02112350_212.jpg"
    }
},
{
    "model": "pets.breed",
    "pk": "7eebfe4d-6e8a-4256-b3fb-93b0cf44160c",
    "fields": {
        "name": "buhund",
        "parent": null,
        "img_url": "https://images.dog.ceo/breeds/buhund-norwegian/hakon3.jpg"
    }
},
{
    "model": "pets.breed",
    "pk": "8036f0be-3694-44e6-898d-9d611839278f",
    "fields": {
        "name": "appenzeller",
        "parent": null,
        "img_url": "https://images.dog.ceo/breeds/appenzeller/n02107908_2723.jpg"
    }
},
{
    "model": "pets.breed",
    "pk": "82042ed9-3520-44ca-80e4-a676ba4dab15",
    "fields": {
        "name": "ovcharka",
        "parent": null,
        "img_url": "https://images.dog.ceo/breeds/ovcharka-caucasian/IMG_20190611_152047.jpg"
    }
},
{
    "model": "pets.breed",
    "pk": "8515f77e-5fae-40ec-88e6-4c3fc539761d",
    "fields": {
        "name": "irish",
        "parent": "3b6fc669-b22b-4e1f-8d78-994931988a5a",
        "img_url": "https://images.dog.ceo/breeds/wolfhound-irish/n02090721_3129.jpg"
    }
},
{
    "model": "pets.breed",
    "pk": "8580beff-1155-470d-a1d5-da15fc212cf1",
    "fields": {
        "name": "giant",
        "parent": "f0660f75-a58c-41cb-91c5-d63fe7aedcc3",
        "img_url": "https://images.dog.ceo/breeds/schnauzer-giant/n02097130_1287.jpg"
    }
},
{
    "model": "pets.breed",
    "pk": "87839dca-4c11-4020-aaea-b9862fdd9dc6",
    "fields": {
        "name": "samoyed",
        "parent": null,
        "img_url": "https://images.dog.ceo/breeds/samoyed/n02111889_789.jpg"
    }
},
{
    "model": "pets.breed",
    "pk": "886655de-16b5-44dc-a7f0-9f0efafca6bd",
    "fields": {
        "name": "german",
        "parent": "8fa41593-960b-47ea-9879-de4683448e8a",
        "img_url": "https://images.dog.ceo/breeds/pointer-german/n02100236_804.jpg"
    }
},
{
    "model": "pets.breed",
    "pk": "8b0b17c6-ace6-4046-9a53-a66e17d42114",
    "fields": {
        "name": "english",
        "parent": "d0574887-3c5c-4b94-b654-c6dc64d6a481",
        "img_url": "https://images.dog.ceo/breeds/springer-english/n02102040_4956.jpg"
    }
},
{
    "model": "pets.breed",
    "pk": "8c3de001-704a-4789-8048-11430f252ab6",
    "fields": {
        "name": "pug",
        "parent": null,
        "img_url": "https://images.dog.ceo/breeds/pug/n02110958_6274.jpg"
    }
},
{
    "model": "pets.breed",
    "pk": "8cc0f1f5-38b5-4d23-8edd-2995e4b09fb0",
    "fields": {
        "name": "shepherd",
        "parent": "4e53599d-da91-445e-a51e-80d678e51797",
        "img_url": "https://images.dog.ceo/breeds/australian-shepherd/pepper.jpg"
    }
},
{
    "model": "pets.breed",
    "pk": "8cfb37b1-1f80-44a7-8ca4-8df8d8d067cb",
    "fields": {
        "name": "pyrenees",
        "parent": null,
        "img_url": "https://images.dog.ceo/breeds/pyrenees/n02111500_1203.jpg"
    }
},
{
    "model": "pets.breed",
    "pk": "8d117fbe-86e2-4184-a396-e89636050cbb",
    "fields": {
        "name": "cocker",
        "parent": "aebac8f2-56f5-4cc7-b501-3222268d122c",
        "img_url": "https://images.dog.ceo/breeds/spaniel-cocker/n02102318_9670.jpg"
    }
},
{
    "model": "pets.breed",
    "pk": "8ebd9fde-7ff4-401e-abb7-afc11e3733aa",
    "fields": {
        "name": "collie",
        "parent": null,
        "img_url": "https://images.dog.ceo/breeds/collie/n02106030_17752.jpg"
    }
},
{
    "model": "pets.breed",
    "pk": "8efe5685-eccf-4890-8d6d-2532efeb553e",
    "fields": {
        "name": "akita",
        "parent": null,
        "img_url": "https://images.dog.ceo/breeds/akita/Akita_hiking_in_Shpella_e_Pellumbasit.jpg"
    }
},
{
    "model": "pets.breed",
    "pk": "8fa41593-960b-47ea-9879-de4683448e8a",
    "fields": {
        "name": "pointer",
        "parent": null,
        "img_url": "https://images.dog.ceo/breeds/pointer-german/n02100236_334.jpg"
    }
},
{
    "model": "pets.breed",
    "pk": "900df046-c5de-4c8b-a4f1-18ead95a02b4",
    "fields": {
        "name": "irish",
        "parent": "085bb027-9869-43ef-9051-ac4345c5678c",
        "img_url": "https://images.dog.ceo/breeds/terrier-irish/n02093991_3735.jpg"
    }
},
{
    "model": "pets.breed",
    "pk": "90929c75-bf6d-4598-835d-f34d5c9e5ee5",
    "fields": {
        "name": "sealyham",
        "parent": "085bb027-9869-43ef-9051-ac4345c5678c",
        "img_url": "https://images.dog.ceo/breeds/terrier-sealyham/n02095889_3610.jpg"
    }
},
{
    "model": "pets.breed",
    "pk": "9137be4a-ecf1-4df2-be7c-c33431c77cac",
    "fields": {
        "name": "newfoundland",
        "parent": null,
        "img_url": "https://images.dog.ceo/breeds/newfoundland/n02111277_3056.jpg"
    }
},
{
    "model": "pets.breed",
    "pk": "92cd0521-fe9d-4880-9a4d-b6ed23a9534d",
    "fields": {
        "name": "scottish",
        "parent": "4eaaa9b8-82a7-4ec5-b93b-29f31927d5e6",
        "img_url": "https://images.dog.ceo/breeds/deerhound-scottish/n02092002_5437.jpg"
    }
},
{
    "model": "pets.breed",
    "pk": "92d52fc7-efb6-4adc-a13a-3be1ecafc697",
    "fields": {
        "name": "brittany",
        "parent": "aebac8f2-56f5-4cc7-b501-3222268d122c",
        "img_url": "https://images.dog.ceo/breeds/spaniel-brittany/n02101388_4131.jpg"
    }
},
{
    "model": "pets.breed",
    "pk": "939e3ec0-17df-4ce0-9076-12bc2b5542ea",
    "fields": {
        "name": "redbone",
        "parent": null,
        "img_url": "https://images.dog.ceo/breeds/redbone/n02090379_5483.jpg"
    }
},
{
    "model": "pets.breed",
    "pk": "96268812-bc83-42f6-a097-863dac1d0774",
    "fields": {
        "name": "toy",
        "parent": "5851dcdf-1f55-4703-98b5-488ed05688eb",
        "img_url": "https://images.dog.ceo/breeds/poodle-toy/n02113624_2305.jpg"
    }
},
{
    "model": "pets.breed",
    "pk": "962bd91a-c73a-4bf6-8df4-484bdeb9ebc3",
    "fields": {
        "name": "swiss",
        "parent": "1d9d1bbb-d1a7-4455-aef7-5ad267ca7dcb",
        "img_url": "https://images.dog.ceo/breeds/mountain-swiss/n02107574_2773.jpg"
    }
},
{
    "model": "pets.breed",
    "pk": "972327a4-e8b1-4977-a1e9-4ae4c8c8a2fe",
    "fields": {
        "name": "dingo",
        "parent": null,
        "img_url": "https://images.dog.ceo/breeds/dingo/n02115641_2636.jpg"
    }
},
{
    "model": "pets.breed",
    "pk": "97efa3e9-c56c-45b7-9450-3035ce5526c6",
    "fields": {
        "name": "bernese",
        "parent": "1d9d1bbb-d1a7-4455-aef7-5ad267ca7dcb",
        "img_url": "https://images.dog.ceo/breeds/mountain-bernese/n02107683_3659.jpg"
    }
},
{
    "model": "pets.breed",
    "pk": "98df84b1-e6fe-4a20-92e2-e067e4ea6f3a",
    "fields": {
        "name": "plott",
        "parent": "a5a1b9bd-4a1f-4211-8af7-45e11f95f7a4",
        "img_url": "https://images.dog.ceo/breeds/hound-plott/hhh-23456.jpeg"
    }
},
{
    "model": "pets.breed",
    "pk": "98f2cee6-dcf0-4bff-ad15-a5cd06d26217",
    "fields": {
        "name": "patterdale",
        "parent": "085bb027-9869-43ef-9051-ac4345c5678c",
        "img_url": "https://images.dog.ceo/breeds/terrier-patterdale/dog-1268559_640.jpg"
    }
},
{
    "model": "pets.breed",
    "pk": "9d44bd09-0009-42c8-9e61-6286b0979f1a",
    "fields": {
        "name": "irish",
        "parent": "aebac8f2-56f5-4cc7-b501-3222268d122c",
        "img_url": "https://images.dog.ceo/breeds/spaniel-irish/n02102973_3195.jpg"
    }
},
{
    "model": "pets.breed",
    "pk": "9f8850fa-d243-4863-90a2-817dbefb7d90",
    "fields": {
        "name": "labradoodle",
        "parent": null,
        "img_url": "https://images.dog.ceo/breeds/labradoodle/labradoodle-forrest.png"
    }
},
{
    "model": "pets.breed",
    "pk": "a33161fa-0792-420e-ae46-69ec97016c82",
    "fields": {
        "name": "toy",
        "parent": "085bb027-9869-43ef-9051-ac4345c5678c",
        "img_url": "https://images.dog.ceo/breeds/terrier-toy/n02087046_81.jpg"
    }
},
{
    "model": "pets.breed",
    "pk": "a56965ef-0547-422a-8b99-b0ea386d58df",
    "fields": {
        "name": "elkhound",
        "parent": null,
        "img_url": "https://images.dog.ceo/breeds/elkhound-norwegian/n02091467_5239.jpg"
    }
},
{
    "model": "pets.breed",
    "pk": "a5a1b9bd-4a1f-4211-8af7-45e11f95f7a4",
    "fields": {
        "name": "hound",
        "parent": null,
        "img_url": "https://images.dog.ceo/breeds/hound-english/n02089973_251.jpg"
    }
},
{
    "model": "pets.breed",
    "pk": "a81132e2-5554-4751-b9e2-0044522629de",
    "fields": {
        "name": "australian",
        "parent": "ef943282-c072-4288-a5bc-5801b23bce8f",
        "img_url": "https://images.dog.ceo/breeds/cattledog-australian/IMG_1062.jpg"
    }
},
{
    "model": "pets.breed",
    "pk": "aa1c1b82-fb5d-47f0-a26c-1713296dec4f",
    "fields": {
        "name": "pitbull",
        "parent": null,
        "img_url": "https://images.dog.ceo/breeds/pitbull/20190801_154956.jpg"
    }
},
{
    "model": "pets.breed",
    "pk": "ac9760f2-7500-4d94-a9d5-f8f44f46c1f6",
    "fields": {
        "name": "malamute",
        "parent": null,
        "img_url": "https://images.dog.ceo/breeds/malamute/n02110063_3670.jpg"
    }
},
{
    "model": "pets.breed",
    "pk": "add21a60-dbb8-46f0-a8cb-d4581763bd4b",
    "fields": {
        "name": "wheaten",
        "parent": "085bb027-9869-43ef-9051-ac4345c5678c",
        "img_url": "https://images.dog.ceo/breeds/terrier-wheaten/n02098105_365.jpg"
    }
},
{
    "model": "pets.breed",
    "pk": "aebac8f2-56f5-4cc7-b501-3222268d122c",
    "fields": {
        "name": "spaniel",
        "parent": null,
        "img_url": "https://images.dog.ceo/breeds/spaniel-cocker/n02102318_5075.jpg"
    }
},
{
    "model": "pets.breed",
    "pk": "af915cd0-053e-4c3d-b774-cc15346cfd18",
    "fields": {
        "name": "kuvasz",
        "parent": null,
        "img_url": "https://images.dog.ceo/breeds/kuvasz/n02104029_4660.jpg"
    }
},
{
    "model": "pets.breed",
    "pk": "b0a5393e-4c22-40b6-bd16-4b9d5d47b9da",
    "fields": {
        "name": "blood",
        "parent": "a5a1b9bd-4a1f-4211-8af7-45e11f95f7a4",
        "img_url": "https://images.dog.ceo/breeds/hound-blood/n02088466_9697.jpg"
    }
},
{
    "model": "pets.breed",
    "pk": "b175569c-3bb6-410d-8a80-149d48a90410",
    "fields": {
        "name": "bedlington",
        "parent": "085bb027-9869-43ef-9051-ac4345c5678c",
        "img_url": "https://images.dog.ceo/breeds/terrier-bedlington/n02093647_3154.jpg"
    }
},
{
    "model": "pets.breed",
    "pk": "b2f3a3ab-36c8-44c0-a574-89ca71281a68",
    "fields": {
        "name": "shiba",
        "parent": null,
        "img_url": "https://images.dog.ceo/breeds/shiba/shiba-2.jpg"
    }
},
{
    "model": "pets.breed",
    "pk": "b63675cd-b648-4ec7-9f41-30643bfd216e",
    "fields": {
        "name": "mexicanhairless",
        "parent": null,
        "img_url": "https://images.dog.ceo/breeds/mexicanhairless/n02113978_216.jpg"
    }
},
{
    "model": "pets.breed",
    "pk": "b8562f43-fab5-451b-bd17-480766b6ce8d",
    "fields": {
        "name": "chihuahua",
        "parent": null,
        "img_url": "https://images.dog.ceo/breeds/chihuahua/n02085620_2517.jpg"
    }
},
{
    "model": "pets.breed",
    "pk": "b99fc9dc-ed88-49f0-bb37-60a9862d1eb8",
    "fields": {
        "name": "dhole",
        "parent": null,
        "img_url": "https://images.dog.ceo/breeds/dhole/n02115913_4336.jpg"
    }
},
{
    "model": "pets.breed",
    "pk": "ba27fc79-fb70-4b92-b7fd-0699b459db2b",
    "fields": {
        "name": "saluki",
        "parent": null,
        "img_url": "https://images.dog.ceo/breeds/saluki/n02091831_6757.jpg"
    }
},
{
    "model": "pets.breed",
    "pk": "bcd07c47-6736-43ee-bd77-0caf9f641a5f",
    "fields": {
        "name": "otterhound",
        "parent": null,
        "img_url": "https://images.dog.ceo/breeds/otterhound/n02091635_782.jpg"
    }
},
{
    "model": "pets.breed",
    "pk": "bf0f0706-451e-418b-9070-08ffec5623bd",
    "fields": {
        "name": "husky",
        "parent": null,
        "img_url": "https://images.dog.ceo/breeds/husky/n02110185_14597.jpg"
    }
},
{
    "model": "pets.breed",
    "pk": "bfe2fc16-e95d-43d1-a929-e576ee6e0e2f",
    "fields": {
        "name": "malinois",
        "parent": null,
        "img_url": "https://images.dog.ceo/breeds/malinois/n02105162_6377.jpg"
    }
},
{
    "model": "pets.breed",
    "pk": "c09898d8-9b6c-4b12-a963-0daf29ddf96b",
    "fields": {
        "name": "russell",
        "parent": "085bb027-9869-43ef-9051-ac4345c5678c",
        "img_url": "https://images.dog.ceo/breeds/terrier-russell/iguet1.jpeg"
    }
},
{
    "model": "pets.breed",
    "pk": "c26806f4-dbf4-40ed-9b57-c3c218d35de1",
    "fields": {
        "name": "french",
        "parent": "eba8b72f-22c7-43d4-b19e-f7e27ef304fa",
        "img_url": "https://images.dog.ceo/breeds/bulldog-french/n02108915_7608.jpg"
    }
},
{
    "model": "pets.breed",
    "pk": "c47a0050-d338-40c5-a04c-1b6fb234bb74",
    "fields": {
        "name": "borzoi",
        "parent": null,
        "img_url": "https://images.dog.ceo/breeds/borzoi/n02090622_7732.jpg"
    }
},
{
    "model": "pets.breed",
    "pk": "c5aa025c-aeec-4d81-ad69-223a1180c855",
    "fields": {
        "name": "italian",
        "parent": "637a8032-504a-4d3b-a062-c678006382f7",
        "img_url": "https://images.dog.ceo/breeds/greyhound-italian/n02091032_1457.jpg"
    }
},
{
    "model": "pets.breed",
    "pk": "c69894ba-5667-4e79-82e0-1701f01f54f3",
    "fields": {
        "name": "boxer",
        "parent": null,
        "img_url": "https://images.dog.ceo/breeds/boxer/n02108089_2106.jpg"
    }
},
{
    "model": "pets.breed",
    "pk": "c9716774-7a38-42b1-8c18-e45b9a69de86",
    "fields": {
        "name": "sussex",
        "parent": "aebac8f2-56f5-4cc7-b501-3222268d122c",
        "img_url": "https://images.dog.ceo/breeds/spaniel-sussex/n02102480_5380.jpg"
    }
},
{
    "model": "pets.breed",
    "pk": "c97681fe-c511-436b-bb27-fbe20e84903a",
    "fields": {
        "name": "miniature",
        "parent": "2ec73007-9d2e-4e6d-b2f2-393c5b638ed4",
        "img_url": "https://images.dog.ceo/breeds/pinscher-miniature/n02107312_6706.jpg"
    }
},
{
    "model": "pets.breed",
    "pk": "cae0d47a-2d5f-44e4-8b26-418940e4fb0b",
    "fields": {
        "name": "english",
        "parent": "5e8a59c8-d0cf-4190-9c1f-3263a0dc5d96",
        "img_url": "https://images.dog.ceo/breeds/setter-english/n02100735_3923.jpg"
    }
},
{
    "model": "pets.breed",
    "pk": "cb25081a-1ecf-4307-95c2-c48d3ed99d9b",
    "fields": {
        "name": "ibizan",
        "parent": "a5a1b9bd-4a1f-4211-8af7-45e11f95f7a4",
        "img_url": "https://images.dog.ceo/breeds/hound-ibizan/n02091244_3800.jpg"
    }
},
{
    "model": "pets.breed",
    "pk": "cc4a2298-91a5-443d-ad6e-78f0721a1bb7",
    "fields": {
        "name": "leonberg",
        "parent": null,
        "img_url": "https://images.dog.ceo/breeds/leonberg/n02111129_4477.jpg"
    }
},
{
    "model": "pets.breed",
    "pk": "cc693c14-1158-41c6-a196-f2635c5315d9",
    "fields": {
        "name": "tibetan",
        "parent": "12461738-e2ad-480e-9e39-b38be344fcc0",
        "img_url": "https://images.dog.ceo/breeds/mastiff-tibetan/n02108551_2921.jpg"
    }
},
{
    "model": "pets.breed",
    "pk": "ccc362e2-4837-4820-b084-d0a06d85ef7c",
    "fields": {
        "name": "cairn",
        "parent": "085bb027-9869-43ef-9051-ac4345c5678c",
        "img_url": "https://images.dog.ceo/breeds/terrier-cairn/n02096177_4768.jpg"
    }
},
{
    "model": "pets.breed",
    "pk": "cdbeddd5-2bf9-4ab7-b2d6-668c17e4b04b",
    "fields": {
        "name": "weimaraner",
        "parent": null,
        "img_url": "https://images.dog.ceo/breeds/weimaraner/n02092339_7596.jpg"
    }
},
{
    "model": "pets.breed",
    "pk": "ce6fa79a-52ca-4cad-992d-6721dc01fed9",
    "fields": {
        "name": "yorkshire",
        "parent": "085bb027-9869-43ef-9051-ac4345c5678c",
        "img_url": "https://images.dog.ceo/breeds/terrier-yorkshire/n02094433_719.jpg"
    }
},
{
    "model": "pets.breed",
    "pk": "d0574887-3c5c-4b94-b654-c6dc64d6a481",
    "fields": {
        "name": "springer",
        "parent": null,
        "img_url": "https://images.dog.ceo/breeds/springer-english/n02102040_3984.jpg"
    }
},
{
    "model": "pets.breed",
    "pk": "d1db59f1-e56e-49bc-9289-a410a520927b",
    "fields": {
        "name": "spanish",
        "parent": "6bfbb289-3c8e-45c7-a56d-3716543bb445",
        "img_url": "https://images.dog.ceo/breeds/waterdog-spanish/20180723_185544.jpg"
    }
},
{
    "model": "pets.breed",
    "pk": "d5ad7003-5847-4c93-9ba5-6b90f1143881",
    "fields": {
        "name": "ridgeback",
        "parent": null,
        "img_url": "https://images.dog.ceo/breeds/ridgeback-rhodesian/n02087394_4931.jpg"
    }
},
{
    "model": "pets.breed",
    "pk": "db2eff71-3896-4cce-b264-1167134c46c1",
    "fields": {
        "name": "dalmatian",
        "parent": null,
        "img_url": "https://images.dog.ceo/breeds/dalmatian/cooper1.jpg"
    }
},
{
    "model": "pets.breed",
    "pk": "dc617fdb-898c-4834-969b-90c46a2e3b70",
    "fields": {
        "name": "afghan",
        "parent": "a5a1b9bd-4a1f-4211-8af7-45e11f95f7a4",
        "img_url": "https://images.dog.ceo/breeds/hound-afghan/n02088094_3653.jpg"
    }
},
{
    "model": "pets.breed",
    "pk": "dc780e8a-20e4-418f-af44-e29a2e0f02a7",
    "fields": {
        "name": "lakeland",
        "parent": "085bb027-9869-43ef-9051-ac4345c5678c",
        "img_url": "https://images.dog.ceo/breeds/terrier-lakeland/n02095570_2569.jpg"
    }
},
{
    "model": "pets.breed",
    "pk": "dce96a78-51c2-4c70-a0f7-8994c41854b3",
    "fields": {
        "name": "havanese",
        "parent": null,
        "img_url": "https://images.dog.ceo/breeds/havanese/00100trPORTRAIT_00100_BURST20191112123933390_COVER.jpg"
    }
},
{
    "model": "pets.breed",
    "pk": "dd6239fd-1986-484c-8a54-e9d8e2816b8c",
    "fields": {
        "name": "silky",
        "parent": "085bb027-9869-43ef-9051-ac4345c5678c",
        "img_url": "https://images.dog.ceo/breeds/terrier-silky/n02097658_2535.jpg"
    }
},
{
    "model": "pets.breed",
    "pk": "df474885-2f37-4d4d-9ba7-6d75290b3ec8",
    "fields": {
        "name": "maltese",
        "parent": null,
        "img_url": "https://images.dog.ceo/breeds/maltese/n02085936_296.jpg"
    }
},
{
    "model": "pets.breed",
    "pk": "e0a874da-5b17-4a53-a94b-416a92c5fd0b",
    "fields": {
        "name": "basenji",
        "parent": null,
        "img_url": "https://images.dog.ceo/breeds/basenji/n02110806_762.jpg"
    }
},
{
    "model": "pets.breed",
    "pk": "e0b7f986-3d08-49b1-b7cb-434dbef94e9a",
    "fields": {
        "name": "germanlonghair",
        "parent": "8fa41593-960b-47ea-9879-de4683448e8a",
        "img_url": "https://images.dog.ceo/breeds/pointer-germanlonghair/hans2.jpg"
    }
},
{
    "model": "pets.breed",
    "pk": "e0d03025-c2c5-408c-b747-2f0481eb5969",
    "fields": {
        "name": "cockapoo",
        "parent": null,
        "img_url": "https://images.dog.ceo/breeds/cockapoo/Scout.jpg"
    }
},
{
    "model": "pets.breed",
    "pk": "e1432bbb-07a4-48bf-8029-4e8a8eaee283",
    "fields": {
        "name": "papillon",
        "parent": null,
        "img_url": "https://images.dog.ceo/breeds/papillon/n02086910_2671.jpg"
    }
},
{
    "model": "pets.breed",
    "pk": "e4592160-3679-45f7-b219-5886489dac8a",
    "fields": {
        "name": "norwegian",
        "parent": "a56965ef-0547-422a-8b99-b0ea386d58df",
        "img_url": "https://images.dog.ceo/breeds/elkhound-norwegian/n02091467_4024.jpg"
    }
},
{
    "model": "pets.breed",
    "pk": "e49906b2-27a2-4738-a6c8-560f6ceaf8c9",
    "fields": {
        "name": "australian",
        "parent": "085bb027-9869-43ef-9051-ac4345c5678c",
        "img_url": "https://images.dog.ceo/breeds/terrier-australian/n02096294_6290.jpg"
    }
},
{
    "model": "pets.breed",
    "pk": "e9f7c5e5-892a-48b4-b6e8-1fa21ce816f2",
    "fields": {
        "name": "gordon",
        "parent": "5e8a59c8-d0cf-4190-9c1f-3263a0dc5d96",
        "img_url": "https://images.dog.ceo/breeds/setter-gordon/n02101006_4223.jpg"
    }
},
{
    "model": "pets.breed",
    "pk": "eb46c80a-baea-4564-ac0f-afec85a40ead",
    "fields": {
        "name": "norfolk",
        "parent": "085bb027-9869-43ef-9051-ac4345c5678c",
        "img_url": "https://images.dog.ceo/breeds/terrier-norfolk/n02094114_2440.jpg"
    }
},
{
    "model": "pets.breed",
    "pk": "eba8b72f-22c7-43d4-b19e-f7e27ef304fa",
    "fields": {
        "name": "bulldog",
        "parent": null,
        "img_url": "https://images.dog.ceo/breeds/bulldog-boston/n02096585_1775.jpg"
    }
},
{
    "model": "pets.breed",
    "pk": "ed102464-1c2f-4cfd-b894-06b47d39abb6",
    "fields": {
        "name": "kelpie",
        "parent": null,
        "img_url": "https://images.dog.ceo/breeds/kelpie/n02105412_5926.jpg"
    }
},
{
    "model": "pets.breed",
    "pk": "edb60161-1399-406f-a1ae-48c74ceeecb6",
    "fields": {
        "name": "komondor",
        "parent": null,
        "img_url": "https://images.dog.ceo/breeds/komondor/n02105505_475.jpg"
    }
},
{
    "model": "pets.breed",
    "pk": "edd90e51-3977-457b-a5b2-2de85b959505",
    "fields": {
        "name": "dandie",
        "parent": "085bb027-9869-43ef-9051-ac4345c5678c",
        "img_url": "https://images.dog.ceo/breeds/terrier-dandie/n02096437_1424.jpg"
    }
},
{
    "model": "pets.breed",
    "pk": "ede64b04-928e-4966-8ed1-bde19f0d8b2b",
    "fields": {
        "name": "standard",
        "parent": "5851dcdf-1f55-4703-98b5-488ed05688eb",
        "img_url": "https://images.dog.ceo/breeds/poodle-standard/n02113799_2073.jpg"
    }
},
{
    "model": "pets.breed",
    "pk": "ee19303a-20e3-4d10-914b-ac8140c1d9b9",
    "fields": {
        "name": "miniature",
        "parent": "5851dcdf-1f55-4703-98b5-488ed05688eb",
        "img_url": "https://images.dog.ceo/breeds/poodle-miniature/n02113712_3289.jpg"
    }
},
{
    "model": "pets.breed",
    "pk": "ee3ccfc1-647e-4c90-9080-ce833e4bc2e2",
    "fields": {
        "name": "shetland",
        "parent": "76f41505-8a7c-43d1-9d9a-134b3fde9210",
        "img_url": "https://images.dog.ceo/breeds/sheepdog-shetland/n02105855_7410.jpg"
    }
},
{
    "model": "pets.breed",
    "pk": "ef442aa9-e736-450f-abd0-54025b82e73f",
    "fields": {
        "name": "dachshund",
        "parent": null,
        "img_url": "https://images.dog.ceo/breeds/dachshund/kaninchen-dachshund-953699_640.jpg"
    }
},
{
    "model": "pets.breed",
    "pk": "ef943282-c072-4288-a5bc-5801b23bce8f",
    "fields": {
        "name": "cattledog",
        "parent": null,
        "img_url": "https://images.dog.ceo/breeds/cattledog-australian/IMG_3056.jpg"
    }
},
{
    "model": "pets.breed",
    "pk": "f0660f75-a58c-41cb-91c5-d63fe7aedcc3",
    "fields": {
        "name": "schnauzer",
        "parent": null,
        "img_url": "https://images.dog.ceo/breeds/schnauzer-miniature/n02097047_5223.jpg"
    }
},
{
    "model": "pets.breed",
    "pk": "f1a84a08-3b1e-45b7-b039-040c24f10a65",
    "fields": {
        "name": "lapphund",
        "parent": "f2e90e1e-4add-4ba9-b4e9-27b4965c0794",
        "img_url": "https://images.dog.ceo/breeds/finnish-lapphund/mochilamvan.jpg"
    }
},
{
    "model": "pets.breed",
    "pk": "f1e184dc-f667-479e-b8a8-ae89bb892101",
    "fields": {
        "name": "airedale",
        "parent": null,
        "img_url": "https://images.dog.ceo/breeds/airedale/n02096051_4322.jpg"
    }
},
{
    "model": "pets.breed",
    "pk": "f2e90e1e-4add-4ba9-b4e9-27b4965c0794",
    "fields": {
        "name": "finnish",
        "parent": null,
        "img_url": "https://images.dog.ceo/breeds/finnish-lapphund/mochilamvan.jpg"
    }
},
{
    "model": "pets.breed",
    "pk": "f5de15b0-f0c6-4c3d-bc4f-2157bfd6ce54",
    "fields": {
        "name": "whippet",
        "parent": null,
        "img_url": "https://images.dog.ceo/breeds/whippet/n02091134_18140.jpg"
    }
},
{
    "model": "pets.breed",
    "pk": "f6fce42c-9fcf-4abe-baff-072656133653",
    "fields": {
        "name": "affenpinscher",
        "parent": null,
        "img_url": "https://images.dog.ceo/breeds/affenpinscher/n02110627_3561.jpg"
    }
},
{
    "model": "pets.breed",
    "pk": "f72ff84c-ef85-4ed4-ad2b-251501344538",
    "fields": {
        "name": "bichon",
        "parent": "2d2de79c-bd73-492b-ac6a-5400e5d676a2",
        "img_url": "https://images.dog.ceo/breeds/frise-bichon/4.jpg"
    }
},
{
    "model": "pets.breed",
    "pk": "f8d6c204-be47-4aba-9484-bb29158db2c2",
    "fields": {
        "name": "staffordshire",
        "parent": "46323775-a64c-4f09-b4bf-904742e45aa3",
        "img_url": "https://images.dog.ceo/breeds/bullterrier-staffordshire/n02093256_14807.jpg"
    }
},
{
    "model": "pets.breed",
    "pk": "f99b3e65-3515-4e21-bd06-b31da86967c7",
    "fields": {
        "name": "schipperke",
        "parent": null,
        "img_url": "https://images.dog.ceo/breeds/schipperke/n02104365_6527.jpg"
    }
},
{
    "model": "pets.breed",
    "pk": "fae293e6-c2e2-4ad1-b828-61e48c806790",
    "fields": {
        "name": "norwich",
        "parent": "085bb027-9869-43ef-9051-ac4345c5678c",
        "img_url": "https://images.dog.ceo/breeds/terrier-norwich/n02094258_1678.jpg"
    }
},
{
    "model": "pets.breed",
    "pk": "fb3e5850-9e0a-47b7-b151-cf84391129ea",
    "fields": {
        "name": "corgi",
        "parent": null,
        "img_url": "https://images.dog.ceo/breeds/corgi-cardigan/n02113186_4589.jpg"
    }
},
{
    "model": "pets.breed",
    "pk": "fc65ac1e-91cd-4231-8bc0-0df012397253",
    "fields": {
        "name": "bluetick",
        "parent": null,
        "img_url": "https://images.dog.ceo/breeds/bluetick/n02088632_2060.jpg"
    }
},
{
    "model": "pets.breed",
    "pk": "fe858ec1-b9fc-4f97-897d-abaa75f40a87",
    "fields": {
        "name": "briard",
        "parent": null,
        "img_url": "https://images.dog.ceo/breeds/briard/n02105251_8857.jpg"
    }
},
{
    "model": "pets.pet",
    "pk": 1,
    "fields": {
        "name": "Punky",
        "age": 3,
        "owner": 1,
        "breed": "018fa5e2-e311-463c-9569-784709e12190"
    }
},
{
    "model": "pets.pet",
    "pk": 2,
    "fields": {
        "name": "El Loco",
        "age": 12,
        "owner": 6,
        "breed": "8036f0be-3694-44e6-898d-9d611839278f"
    }
},
{
    "model": "pets.pet",
    "pk": 3,
    "fields": {
        "name": "Ralph",
        "age": 7,
        "owner": 10,
        "breed": "e0d03025-c2c5-408c-b747-2f0481eb5969"
    }
},
{
    "model": "pets.pet",
    "pk": 4,
    "fields": {
        "name": "Cookie",
        "age": 2,
        "owner": 11,
        "breed": "085bb027-9869-43ef-9051-ac4345c5678c"
    }
},
{
    "model": "pets.pet",
    "pk": 5,
    "fields": {
        "name": "DOGO",
        "age": 4,
        "owner": 20,
        "breed": "1773dc4a-33cc-4c6e-ab24-4871ff2b56ed"
    }
},
{
    "model": "pets.pet",
    "pk": 6,
    "fields": {
        "name": "Cookie",
        "age": 2,
        "owner": 11,
        "breed": "018fa5e2-e311-463c-9569-784709e12190"
    }
},
{
    "model": "pets.pet",
    "pk": 7,
    "fields": {
        "name": "SOME NAME",
        "age": 8,
        "owner": 22,
        "breed": "1a98d6a1-c3c1-46fd-8b84-131cebfc2942"
    }
},
{
    "model": "pets.pet",
    "pk": 8,
    "fields": {
        "name": "Ned",
        "age": 5,
        "owner": 24,
        "breed": "220607a9-a4b3-40b2-af6e-3372caa7534b"
    }
},
{
    "model": "pets.pet",
    "pk": 9,
    "fields": {
        "name": "spot",
        "age": 8,
        "owner": 23,
        "breed": "1d641414-8bb1-40d4-8819-784a0826e64e"
    }
},
{
    "model": "pets.pet",
    "pk": 10,
    "fields": {
        "name": "Andrew Huang",
        "age": 2,
        "owner": 26,
        "breed": "124428d0-7f32-49b7-b1fb-ddf5782a1417"
    }
},
{
    "model": "pets.pet",
    "pk": 11,
    "fields": {
        "name": "Fidget",
        "age": 9,
        "owner": 29,
        "breed": "1a98d6a1-c3c1-46fd-8b84-131cebfc2942"
    }
},
{
    "model": "pets.pet",
    "pk": 12,
    "fields": {
        "name": "name",
        "age": 4,
        "owner": 31,
        "breed": "08816081-c544-44f5-adfa-0f88e00d2380"
    }
},
{
    "model": "pets.pet",
    "pk": 13,
    "fields": {
        "name": "LocoDice",
        "age": 8,
        "owner": 34,
        "breed": "13b9aec8-f23b-46d8-8e20-7e196fb5b082"
    }
},
{
    "model": "pets.pet",
    "pk": 14,
    "fields": {
        "name": "Blinky",
        "age": 7,
        "owner": 36,
        "breed": "085bb027-9869-43ef-9051-ac4345c5678c"
    }
},
{
    "model": "pets.pet",
    "pk": 15,
    "fields": {
        "name": "Sorrow",
        "age": 3,
        "owner": 42,
        "breed": "1d641414-8bb1-40d4-8819-784a0826e64e"
    }
},
{
    "model": "pets.pet",
    "pk": 16,
    "fields": {
        "name": "Hfjchchcjc",
        "age": 4,
        "owner": 44,
        "breed": "20dcd9d6-33ce-4c0a-9df3-f2ce59994157"
    }
},
{
    "model": "pets.journey",
    "pk": "0bb272d4-f221-43f1-b606-378ff35a23f9",
    "fields": {
        "pet": 15,
        "unit": 2
    }
},
{
    "model": "pets.journey",
    "pk": "0d14a758-1267-4f70-931c-f2c825543fb4",
    "fields": {
        "pet": 5,
        "unit": 1
    }
},
{
    "model": "pets.journey",
    "pk": "21d26b02-ccc7-4abc-ba43-2a0d6c9cc321",
    "fields": {
        "pet": 11,
        "unit": 1
    }
},
{
    "model": "pets.journey",
    "pk": "3853bba7-db8a-4998-9452-08e465ce9d48",
    "fields": {
        "pet": 9,
        "unit": 1
    }
},
{
    "model": "pets.journey",
    "pk": "5ed395fb-830b-403f-93c0-e9e877d2a214",
    "fields": {
        "pet": 2,
        "unit": 1
    }
},
{
    "model": "pets.journey",
    "pk": "61655c7e-b0ed-46fa-9be8-7d66e3505be3",
    "fields": {
        "pet": 16,
        "unit": 1
    }
},
{
    "model": "pets.journey",
    "pk": "6b328c13-bf6c-41a9-84a5-23eba6e2f542",
    "fields": {
        "pet": 3,
        "unit": 1
    }
},
{
    "model": "pets.journey",
    "pk": "7d3e9cf0-099c-4475-9f2f-f5287859e0aa",
    "fields": {
        "pet": 6,
        "unit": 1
    }
},
{
    "model": "pets.journey",
    "pk": "899a73e6-e446-4d8d-b7dd-63c04308b95a",
    "fields": {
        "pet": 8,
        "unit": 1
    }
},
{
    "model": "pets.journey",
    "pk": "928e32ef-4b8a-4717-95bb-6021d899ec31",
    "fields": {
        "pet": 4,
        "unit": 1
    }
},
{
    "model": "pets.journey",
    "pk": "a14e9738-26cc-4c65-b3fb-b0636f879fb9",
    "fields": {
        "pet": 12,
        "unit": 1
    }
},
{
    "model": "pets.journey",
    "pk": "a91bf6f8-1b4a-4402-981b-665626e1f05c",
    "fields": {
        "pet": 7,
        "unit": 1
    }
},
{
    "model": "pets.journey",
    "pk": "bf62819d-e617-4d4d-85b9-9101e850f551",
    "fields": {
        "pet": 14,
        "unit": 2
    }
},
{
    "model": "pets.journey",
    "pk": "d6a248e4-2165-4622-b575-d432eb364e8b",
    "fields": {
        "pet": 10,
        "unit": 1
    }
},
{
    "model": "pets.journey",
    "pk": "d76b2d52-a5f3-485d-9a3f-d768e6a55447",
    "fields": {
        "pet": 13,
        "unit": 3
    }
},
{
    "model": "pets.journey",
    "pk": "dcfed391-2608-4e3e-8426-7d50a19a54ca",
    "fields": {
        "pet": 1,
        "unit": 3
    }
},
{
    "model": "pets.assesment",
    "pk": "0338065f-5db0-47e6-9d3f-aa9a75a27a16",
    "fields": {
        "created_at": "2021-10-06T03:06:10.576Z",
        "success": false,
        "task": "18ab882f-7890-424e-8d96-82635630abf4",
        "pet": 16
    }
},
{
    "model": "pets.assesment",
    "pk": "05b76cf8-361d-4ba5-87c2-54294e2e2e22",
    "fields": {
        "created_at": "2021-10-06T02:49:33.691Z",
        "success": true,
        "task": "6144f2ff-b069-42e9-a039-a6c68c0f185a",
        "pet": 15
    }
},
{
    "model": "pets.assesment",
    "pk": "19c13b7d-e625-4e41-b3ef-6df8312cd9cc",
    "fields": {
        "created_at": "2021-10-06T02:49:20.961Z",
        "success": true,
        "task": "6144f2ff-b069-42e9-a039-a6c68c0f185a",
        "pet": 15
    }
},
{
    "model": "pets.assesment",
    "pk": "1c434e6a-ae6b-4443-a1d7-fb472c3a9338",
    "fields": {
        "created_at": "2021-10-06T02:49:05.353Z",
        "success": true,
        "task": "1ead2f05-8448-48f2-af9f-5fbbed62e349",
        "pet": 15
    }
},
{
    "model": "pets.assesment",
    "pk": "1e12c7dd-24af-4036-a2ef-1c87023794cb",
    "fields": {
        "created_at": "2021-10-06T02:49:00.900Z",
        "success": false,
        "task": "8bcb4076-c75b-4e3f-b9a0-9c27362dd5cb",
        "pet": 15
    }
},
{
    "model": "pets.assesment",
    "pk": "216a7d5d-4091-461f-97e5-d2ad98866cab",
    "fields": {
        "created_at": "2021-10-06T02:49:31.736Z",
        "success": true,
        "task": "18ab882f-7890-424e-8d96-82635630abf4",
        "pet": 15
    }
},
{
    "model": "pets.assesment",
    "pk": "287d386b-9301-4375-8c92-26b6c381d46c",
    "fields": {
        "created_at": "2021-10-06T02:49:13.171Z",
        "success": true,
        "task": "8bcb4076-c75b-4e3f-b9a0-9c27362dd5cb",
        "pet": 15
    }
},
{
    "model": "pets.assesment",
    "pk": "31df00de-7cc4-4959-8d47-fb558232a1c1",
    "fields": {
        "created_at": "2021-10-06T02:48:55.855Z",
        "success": false,
        "task": "18ab882f-7890-424e-8d96-82635630abf4",
        "pet": 15
    }
},
{
    "model": "pets.assesment",
    "pk": "377d06c1-543e-4217-bc06-18c6cb95c7de",
    "fields": {
        "created_at": "2021-10-06T02:48:44.416Z",
        "success": true,
        "task": "6144f2ff-b069-42e9-a039-a6c68c0f185a",
        "pet": 15
    }
},
{
    "model": "pets.assesment",
    "pk": "45091eeb-ac0c-486a-bb59-d2e8bfa98877",
    "fields": {
        "created_at": "2021-10-06T02:49:07.880Z",
        "success": true,
        "task": "18ab882f-7890-424e-8d96-82635630abf4",
        "pet": 15
    }
},
{
    "model": "pets.assesment",
    "pk": "4914dcbc-1a56-4b8d-a01e-1d70449407dd",
    "fields": {
        "created_at": "2021-10-06T02:49:10.757Z",
        "success": true,
        "task": "6144f2ff-b069-42e9-a039-a6c68c0f185a",
        "pet": 15
    }
},
{
    "model": "pets.assesment",
    "pk": "501d40c5-d76d-436e-9b15-281d54324cb2",
    "fields": {
        "created_at": "2021-10-06T03:06:12.249Z",
        "success": true,
        "task": "6144f2ff-b069-42e9-a039-a6c68c0f185a",
        "pet": 16
    }
},
{
    "model": "pets.assesment",
    "pk": "6a2df976-9293-4bbf-9b6d-4c85d6c0c75f",
    "fields": {
        "created_at": "2021-10-06T02:48:47.958Z",
        "success": true,
        "task": "8bcb4076-c75b-4e3f-b9a0-9c27362dd5cb",
        "pet": 15
    }
},
{
    "model": "pets.assesment",
    "pk": "6bc53492-2aaa-474c-86bb-28e4ee7230c9",
    "fields": {
        "created_at": "2021-10-06T02:49:24.222Z",
        "success": true,
        "task": "8bcb4076-c75b-4e3f-b9a0-9c27362dd5cb",
        "pet": 15
    }
},
{
    "model": "pets.assesment",
    "pk": "772c19e2-e3a3-47c0-8d2f-0cfa639fde2e",
    "fields": {
        "created_at": "2021-10-06T02:48:58.282Z",
        "success": true,
        "task": "6144f2ff-b069-42e9-a039-a6c68c0f185a",
        "pet": 15
    }
},
{
    "model": "pets.assesment",
    "pk": "806038c8-3b24-419f-ad49-c6be14242873",
    "fields": {
        "created_at": "2021-10-06T03:06:08.755Z",
        "success": true,
        "task": "1ead2f05-8448-48f2-af9f-5fbbed62e349",
        "pet": 16
    }
},
{
    "model": "pets.assesment",
    "pk": "87a7b091-8a63-48a2-80fa-593e154c5bed",
    "fields": {
        "created_at": "2021-10-06T02:48:53.447Z",
        "success": true,
        "task": "1ead2f05-8448-48f2-af9f-5fbbed62e349",
        "pet": 15
    }
},
{
    "model": "pets.assesment",
    "pk": "90f26f38-bf3d-4ff4-95ad-6974f05602ef",
    "fields": {
        "created_at": "2021-10-06T02:49:16.808Z",
        "success": true,
        "task": "1ead2f05-8448-48f2-af9f-5fbbed62e349",
        "pet": 15
    }
},
{
    "model": "pets.assesment",
    "pk": "9770b4ec-71ac-49c9-8a6d-c0b8dbf40740",
    "fields": {
        "created_at": "2021-10-06T02:49:18.775Z",
        "success": true,
        "task": "18ab882f-7890-424e-8d96-82635630abf4",
        "pet": 15
    }
},
{
    "model": "pets.assesment",
    "pk": "bf43141c-d5ba-4818-b34c-e579b7c20538",
    "fields": {
        "created_at": "2021-10-06T02:49:35.588Z",
        "success": true,
        "task": "8bcb4076-c75b-4e3f-b9a0-9c27362dd5cb",
        "pet": 15
    }
},
{
    "model": "pets.assesment",
    "pk": "c1df9e33-f5f4-4602-a740-03378d30756e",
    "fields": {
        "created_at": "2021-10-06T03:06:13.974Z",
        "success": false,
        "task": "8bcb4076-c75b-4e3f-b9a0-9c27362dd5cb",
        "pet": 16
    }
},
{
    "model": "pets.assesment",
    "pk": "c22808ca-7be3-4045-bd68-7d46f87b36d7",
    "fields": {
        "created_at": "2021-10-06T02:48:42.550Z",
        "success": true,
        "task": "18ab882f-7890-424e-8d96-82635630abf4",
        "pet": 15
    }
},
{
    "model": "pets.assesment",
    "pk": "e1ca2bb9-d500-4236-b372-fe0da4cc0d39",
    "fields": {
        "created_at": "2021-10-06T02:49:29.742Z",
        "success": true,
        "task": "1ead2f05-8448-48f2-af9f-5fbbed62e349",
        "pet": 15
    }
},
{
    "model": "pets.assesment",
    "pk": "e6f843cb-7f9b-4c0f-8d5a-99421d7887f6",
    "fields": {
        "created_at": "2021-10-06T02:48:39.954Z",
        "success": true,
        "task": "1ead2f05-8448-48f2-af9f-5fbbed62e349",
        "pet": 15
    }
}
]
